low key,Tracks,Artists,Albums
0,That's Life (feat. Mac Miller & Sia),88-Keys,That's Life (feat. Mac Miller & Sia)
1,Faith,The Weeknd,After Hours
2,Chicken Tenders,Dominic Fike,Chicken Tenders
3,Dreams Money Can Buy,Drake,Care Package
4,Scared To Live,The Weeknd,After Hours
5,Georgia,Kevin Abstract,ARIZONA BABY
6,Complicated,Mac Miller,Circles
7,Once A Day,Mac Miller,Circles
8,Good News,Mac Miller,Good News
9,Living Single,Big Sean,Living Single
10,Up All Night,Khalid,Up All Night
11,5 O'Clock (feat. Lily Allen & Wiz Khalifa),T-Pain,5 O'Clock (feat. Lily Allen & Wiz Khalifa)
12,Seasons (with Khalid),6LACK,Seasons (with Khalid)
13,Happy,Roy Blair,Cat Heaven
14,Crumble,Kevin Abstract,ARIZONA BABY
15,Circles,Post Malone,Circles
16,NO HALO,BROCKHAMPTON,GINGER
17,Another Night,Mac Miller,On And On And Beyond
18,I'll Be There,Mac Miller,Best Day Ever
19,Come Back to Earth,Mac Miller,Swimming
20,Coaster,Khalid,Coaster
21,Don't Pretend (feat. SAFE),Khalid,Free Spirit
22,Bad Luck,Khalid,Free Spirit
23,Go Flex,Post Malone,Stoney
24,Stay,Post Malone,beerbongs & bentleys
25,Saved,Khalid,American Teen
26,Keep Me,Khalid,American Teen
27,Cold Blooded,Khalid,American Teen
28,Better,Khalid,Suncity
29,Saturday Nights,Khalid,Suncity
30,From a Distance,Russ,ZOO
31,24/7 (feat. Ella Mai),Meek Mill,Championships
32,Blue World,Mac Miller,Circles
33,BDE Bonus,Mac Miller,Best Day Ever
34,Take Care,Drake,Take Care
35,Practice,Drake,Take Care
36,Marvins Room,Drake,Take Care
37,HYFR (Hell Ya Fucking Right),Drake,Take Care
38,"Hold On, We're Going Home",Drake,Nothing Was The Same
39,Too Much,Drake,Nothing Was The Same
40,Successful (feat. Trey Songz & Lil Wayne),Drake,So Far Gone
41,Feel No Ways,Drake,Views
42,Too Good,Drake,Views
43,Chicago Freestyle (feat. Giveon),Drake,Dark Lane Demo Tapes
44,Sunflower - Spider-Man: Into the Spider-Verse,Post Malone,Hollywood's Bleeding
45,8TEEN,Khalid,American Teen
46,Save Your Tears,The Weeknd,After Hours
47,After Hours,The Weeknd,After Hours
48,"Psycho, Pt. 2",Russ,"Psycho, Pt. 2"
49,Dennis,Roy Blair,Dennis
50,Jane,Roy Blair,Cat Heaven
51,Circles,Mac Miller,Circles
52,Surf,Mac Miller,Circles
53,That's On Me,Mac Miller,Circles
54,Hand Me Downs,Mac Miller,Circles
55,Wings,Mac Miller,Swimming
56,So It Goes,Mac Miller,Swimming
57,Small Worlds,Mac Miller,Swimming
58,We (feat. CeeLo Green),Mac Miller,The Divine Feminine
59,Nights,Frank Ocean,Blonde
60,Boredom (feat. Rex Orange County & Anna of the North),"Tyler, The Creator",Flower Boy
61,Woods,Mac Miller,Circles
62,Lost Ones,J. Cole,Cole World: The Sideline Story
63,LOVE. FEAT. ZACARI.,Kendrick Lamar,DAMN.
64,Devil In A New Dress,Kanye West,My Beautiful Dark Twisted Fantasy
65,Tadow,Masego,Lady Lady
66,Money Trees,Kendrick Lamar,"good kid, m.A.A.d city"
67,"Bitch, Don’t Kill My Vibe",Kendrick Lamar,"good kid, m.A.A.d city"
68,Swimming Pools (Drank) - Extended Version,Kendrick Lamar,"good kid, m.A.A.d city"
69,Too Young,Post Malone,Too Young
70,A Thousand Bad Times,Post Malone,Hollywood's Bleeding
71,All I Want Is You,Mac Miller,K.I.D.S.
72,Erase Me - Main,Kid Cudi,Man On The Moon II: The Legend Of Mr. Rager
73,Mojo So Dope,Kid Cudi,Man On The Moon II: The Legend Of Mr. Rager
74,White Iverson,Post Malone,White Iverson
75,No Sleep,Wiz Khalifa,Rolling Papers
76,Cameras,Wiz Khalifa,Rolling Papers
77,French Inhale (feat. Mike Posner),Snoop Dogg,Mac and Devin Go to High School (Music from and Inspired by the Movie)
78,We Just Havent Met Yet,Russ,We Just Havent Met Yet
79,Half Naked & Almost Famous,Machine Gun Kelly,Half Naked & Almost Famous - EP
80,The Ways (with Swae Lee),Khalid,Black Panther The Album Music From And Inspired By
81,Super Rich Kids,Frank Ocean,channel ORANGE
82,Forrest Gump,Frank Ocean,channel ORANGE
83,Time,Free Nationals,Time
84,Hand Me Downs,Mac Miller,Circles
85,Fashion Killa,A$AP Rocky,LONG.LIVE.A$AP (Deluxe Version)
86,Demon,Lil Wayne,Tha Carter V
87,Let It All Work Out,Lil Wayne,Tha Carter V
88,Potato Salad,"Tyler, The Creator",Potato Salad
89,Cherry Hill,Russ,There's Really A Wolf
90,Boy Back (feat. NAV),Young Thug,So Much Fun
91,Relationship (feat. Future),Young Thug,Beautiful Thugger Girls
92,I Come Apart (feat. Florence Welch),A$AP Rocky,LONG.LIVE.A$AP (Deluxe Version)
93,Ayye,Mac Miller,K.I.D.S.
94,The Spins,Mac Miller,K.I.D.S.
95,Poppy,Mac Miller,K.I.D.S.
96,Outside,Mac Miller,K.I.D.S.
97,Back In The Day,Mac Miller,K.I.D.S.
98,Lotus Flower Bomb (feat. Miguel),Wale,Ambition
99,Shea Butter Baby (with J. Cole),Ari Lennox,Shea Butter Baby
100,Phoenix,A$AP Rocky,LONG.LIVE.A$AP (Deluxe Version)
101,Everything I Am,Kanye West,Graduation
102,Good Morning,Kanye West,Graduation
103,The Race,Wiz Khalifa,Rolling Papers
104,Jungle,Drake,If You're Reading This It's Too Late
105,From Time,Drake,Nothing Was The Same
106,Pound Cake / Paris Morton Music 2,Drake,Nothing Was The Same
107,Close Friends (Lil Baby & Gunna),Lil Baby,Drip Harder
108,Let The Beat Build,Lil Wayne,Tha Carter III
109,The Way Life Goes (feat. Oh Wonder),Lil Uzi Vert,Luv Is Rage 2
110,Fight the Feeling,Mac Miller,Macadelic
111,So High (feat. Ghost Loft),Wiz Khalifa,Blacc Hollywood
112,I Feel It Coming,The Weeknd,Starboy
113,Collard Greens,ScHoolboy Q,Oxymoron
114,Wet Dreamz,J. Cole,2014 Forest Hills Drive
115,Rich Niggaz,J. Cole,Born Sinner
116,Black Beatles,Rae Sremmurd,SremmLife 2
117,Neighbors,J. Cole,4 Your Eyez Only
118,Yes Indeed,Lil Baby,Harder Than Ever
119,ALASKA,BROCKHAMPTON,SATURATION III
120,Nikes on My Feet,Mac Miller,Nikes on My Feet
121,Flashing Lights,Kanye West,Graduation
122,Thoughts from a Balcony,Mac Miller,Macadelic
123,Reminder,The Weeknd,Starboy
124,Mood (feat. iann dior),24kGoldn,Mood (feat. iann dior)
125,STARGAZING,Travis Scott,ASTROWORLD
126,R.I.P. SCREW,Travis Scott,ASTROWORLD
127,Talk,Disclosure,ENERGY
128,FACE,BROCKHAMPTON,SATURATION
129,Laugh Now Cry Later (feat. Lil Durk),Drake,Laugh Now Cry Later (feat. Lil Durk)
130,BLEACH,BROCKHAMPTON,SATURATION III
131,Kool Aid & Frozen Pizza,Mac Miller,K.I.D.S.
132,Man On The Moon,Kid Cudi,Man On The Moon: The End Of Day
133,Up Up & Away,Kid Cudi,Man On The Moon: The End Of Day
134,After Hours,The Weeknd,After Hours
135,Behind Barz - Bonus,Drake,Top Boy (A Selection of Music Inspired by the Series)
136,GREECE (feat. Drake),DJ Khaled,GREECE (feat. Drake)
137,Cudi Zone,Kid Cudi,Man On The Moon: The End Of Day
138,Objects in the Mirror,Mac Miller,Watching Movies with the Sound Off
139,The Question,Mac Miller,Macadelic
140,Shot Down,Khalid,American Teen
141,Let's Go,Khalid,American Teen
142,Hopeless,Khalid,American Teen
143,BLIND (feat. Young Thug),DaBaby,BLAME IT ON BABY
144,1-800-273-8255,Logic,Everybody
145,Indica Badu,Logic,Bobby Tarantino II
146,Sidewalks,The Weeknd,Starboy
147,SKELETONS,Travis Scott,ASTROWORLD
148,Love To Lay,The Weeknd,Starboy
149,WAKE UP,Travis Scott,ASTROWORLD
150,CAN'T SAY,Travis Scott,ASTROWORLD
151,HOUSTONFORNICATION,Travis Scott,ASTROWORLD
152,sweet sweet,Travis Scott,Birds In The Trap Sing McKnight
153,Secrets,The Weeknd,Starboy
154,In Your Eyes,The Weeknd,After Hours
155,Attention,The Weeknd,Starboy
156,Heartless,The Weeknd,After Hours
157,Sundress,A$AP Rocky,Sundress
158,Phone Numbers,Dominic Fike,Phone Numbers
159,Vampire,Dominic Fike,What Could Possibly Go Wrong
160,THE SCOTTS,THE SCOTTS,THE SCOTTS
161,Show Me (feat. Chris Brown),Kid Ink,My Own Lane (Expanded Edition)
162,You Was Right,Lil Uzi Vert,Lil Uzi Vert vs. The World
163,Wake Up,Mac Miller,Best Day Ever
164,BDE Bonus,Mac Miller,Best Day Ever
165,Infatuation,Takeoff,The Last Rocket
166,Said N Done,21 Savage,SAVAGE MODE II
167,Rollerblades,Dominic Fike,Rollerblades
168,Westcoast Collective,Dominic Fike,"Don't Forget About Me, Demos"
169,The Morning,The Weeknd,Trilogy
170,Myself,Post Malone,Hollywood's Bleeding
171,Redbone,Childish Gambino,"""Awaken, My Love!"""
172,Fly Solo,Wiz Khalifa,Rolling Papers
173,positions,Ariana Grande,positions
174,Lemonade - Remix,Internet Money,B4 The Storm
175,Bacc Seat (feat. Ty Dolla $ign),Roddy Ricch,Please Excuse Me For Being Antisocial
176,Casper,Takeoff,The Last Rocket
177,Let’s Call It Off (feat. Peter Bjorn and John),Drake,So Far Gone
178,Miss Me,Drake,Thank Me Later
179,Thank Me Now,Drake,Thank Me Later
180,Holy (feat. Chance The Rapper),Justin Bieber,Holy
181,Good Evening,Mac Miller,K.I.D.S.
182,Roll Up,Wiz Khalifa,Rolling Papers
183,Hurt You,The Weeknd,"My Dear Melancholy,"
184,Swang,Rae Sremmurd,SremmLife 2
185,One Dance,Drake,Views
186,Plug Walk,Rich The Kid,Plug Walk
187,Narcos,Migos,Culture II
188,Headlines,Drake,Take Care
189,Best Friend,50 Cent,Get Rich Or Die Tryin'- The Original Motion Picture Soundtrack
190,Hate It Or Love It,The Game,The Documentary
191,Solo,Frank Ocean,Blonde
192,Pink + White,Frank Ocean,Blonde
193,2009,Mac Miller,Swimming
194,Summer Games,Drake,Scorpion
195,"Everyday (feat. Rod Stewart, Miguel & Mark Ronson)",A$AP Rocky,AT.LONG.LAST.A$AP
196,Day 'N' Nite (nightmare),Kid Cudi,Man On The Moon: The End Of Day
197,Pursuit Of Happiness (Nightmare),Kid Cudi,Man On The Moon: The End Of Day
198,Ivy,Frank Ocean,Blonde
199,Tequila Shots,Kid Cudi,Man On The Moon III: The Chosen
200,Another Day,Kid Cudi,Man On The Moon III: The Chosen
201,The Pale Moonlight,Kid Cudi,Man On The Moon III: The Chosen
202,Lord I Know,Kid Cudi,Man On The Moon III: The Chosen
203,Leader Of The Delinquents,Kid Cudi,Leader Of The Delinquents
204,Soundtrack 2 My Life,Kid Cudi,Man On The Moon: The End Of Day
205,Elsie's Baby Boy (flashback),Kid Cudi,Man On The Moon III: The Chosen
206,Sad People,Kid Cudi,Man On The Moon III: The Chosen
